;nfl_id;player_name;team_name;player_display_name;team;player_id
378;52462;A.J. Epenesa;BUF;A.J. Epenesa;BUF;00-0036192
797;53957;A.J. Parker;CAR;A.J. Parker;CAR;00-0036752
27;52424;A.J. Terrell;ATL;A.J. Terrell;ATL;00-0036285
545;54891;A.J. Thomas;CHI;;;00-0037222
822;43335;A'Shawn Robinson;NYG;A'Shawn Robinson;NYG;00-0032889
668;41239;Aaron Donald;LA;Aaron Donald;LA;00-0031388
574;45274;Adam Butler;LV;Adam Butler;LV;00-0033381
639;43352;Adam Gotsis;JAX;Adam Gotsis;JAX;00-0033064
343;44830;Adoree' Jackson;NYG;Adoree' Jackson;NYG;00-0033878
361;42485;Adrian Amos;NYJ;Adrian Amos;NYJ;00-0031584
765;42485;Adrian Amos;HOU;Adrian Amos;HOU;00-0031584
307;42116;Adrian Phillips;NE;Adrian Phillips;NE;00-0031404
312;44878;Ahkello Witherspoon;LA;Ahkello Witherspoon;LA;00-0033783
404;54467;Aidan Hutchinson;DET;Aidan Hutchinson;DET;00-0037236
621;56586;AJ Finley;LAC;;;
126;54583;Akayleb Evans;MIN;Akayleb Evans;MIN;00-0038101
90;52515;Akeem Davis-Gaither;CIN;Akeem Davis-Gaither;CIN;00-0036298
551;48599;Albert Huggins;ATL;Albert Huggins;ATL;00-0035455
5;44888;Alex Anzalone;DET;Alex Anzalone;DET;00-0033914
520;56117;Alex Austin;HOU;;;00-0038646
746;56117;Alex Austin;NE;Alex Austin;NE;00-0038646
673;56230;Alex Cook;CAR;Alex Cook;CAR;00-0038475
175;52510;Alex Highsmith;PIT;Alex Highsmith;PIT;00-0036333
243;42929;Alex Singleton;DEN;Alex Singleton;DEN;00-0031898
91;54543;Alex Wright;CLE;Alex Wright;CLE;00-0037251
606;53501;Alim McNeill;DET;Alim McNeill;DET;00-0036624
264;52594;Alohi Gilman;LAC;Alohi Gilman;LAC;00-0036380
144;54514;Alontae Taylor;NO;Alontae Taylor;NO;00-0038121
152;47899;Amani Hooker;TEN;Amani Hooker;TEN;00-0035632
674;54654;Amare Barno;CAR;Amare Barno;CAR;00-0037043
656;56068;Amari Burney;LV;Amari Burney;LV;00-0038617
168;53531;Ambry Thomas;SF;Ambry Thomas;SF;00-0037008
559;56079;Ameer Speed;NE;Ameer Speed;NE;00-0038624
427;53921;Amen Ogbongbemiga;LAC;Amen Ogbongbemiga;LAC;00-0036716
262;52547;Amik Robertson;LV;Amik Robertson;LV;00-0036375
660;56521;Andre Carter II;MIN;;;00-0038801
215;46807;Andre Chachere;ARI;Andre Chachere;ARI;00-0034623
98;53494;Andre Cisco;JAX;Andre Cisco;JAX;00-0036941
721;56098;Andre Jones Jr.;WAS;;;00-0038635
643;46303;Andre Smith;ATL;Andre Smith;ATL;00-0034430
806;43757;Andrew Adams;BAL;;;00-0032637
416;43411;Andrew Billings;CHI;Andrew Billings;CHI;00-0033066
573;54507;Andrew Booth;MIN;Andrew Booth;MIN;00-0038130
733;56585;Andrew Farmer;LAC;Andrew Farmer;LAC;00-0038865
271;47934;Andrew Van Ginkel;MIA;Andrew Van Ginkel;MIA;00-0035272
116;48508;Andrew Wingard;JAX;Andrew Wingard;JAX;00-0035378
487;52495;Anfernee Jennings;NE;Anfernee Jennings;NE;00-0036193
636;42443;Angelo Blackson;JAX;Angelo Blackson;JAX;00-0032107
718;41235;Anthony Barr;MIN;Anthony Barr;MIN;00-0031256
619;56107;Anthony Johnson Jr.;GB;;;00-0038411
766;56568;Anthony Kendall;TEN;Anthony Kendall;TEN;00-0038848
136;47890;Anthony Nelson;TB;Anthony Nelson;TB;00-0035254
72;44974;Anthony Walker;CLE;Anthony Walker;CLE;00-0033570
119;52453;Antoine Winfield Jr.;TB;;;00-0036411
212;43986;Antonio Hamilton;ARI;Antonio Hamilton;ARI;00-0032933
547;56025;Antonio Johnson;JAX;Antonio Johnson;JAX;00-0038596
53;53819;Ar'Darius Washington;BAL;Ar'Darius Washington;BAL;00-0036587
429;46156;Arden Key;TEN;Arden Key;TEN;00-0034825
43;54503;Arnold Ebiketie;ATL;Arnold Ebiketie;ATL;00-0038116
456;45395;Arthur Maulet;BAL;Arthur Maulet;BAL;00-0033503
329;43314;Artie Burns;SEA;Artie Burns;SEA;00-0033103
280;53476;Asante Samuel;LAC;Asante Samuel;LAC;00-0036617
376;52476;Ashtyn Davis;NYJ;Ashtyn Davis;NYJ;00-0036329
294;46194;Avonte Maddox;PHI;Avonte Maddox;PHI;00-0034377
153;48268;Azeez Al-Shaair;TEN;Azeez Al-Shaair;TEN;00-0035166
709;53479;Azeez Ojulari;NYG;Azeez Ojulari;NYG;00-0036552
92;46138;B.J. Hill;CIN;B.J. Hill;CIN;00-0034800
620;53534;Baron Browning;DEN;Baron Browning;DEN;00-0036995
715;54696;Baylon Spector;BUF;Baylon Spector;BUF;00-0037318
790;56244;Ben VanSumeren;PHI;;;00-0038489
555;52743;Benito Jones;DET;Benito Jones;DET;00-0035841
202;53503;Benjamin St-Juste;WAS;Benjamin St-Juste;WAS;00-0036625
704;56225;Benny Sapp;GB;;;
758;55217;Benton Whitley;NYG;Benton Whitley;NYG;00-0037638
532;55906;BJ Ojulari;ARI;;;00-0039155
466;47940;Blake Cashman;HOU;Blake Cashman;HOU;00-0035276
745;43420;Blake Martinez;PIT;Blake Martinez;PIT;00-0032408
432;42488;Bobby McCain;NYG;Bobby McCain;NYG;00-0031587
344;47872;Bobby Okereke;NYG;Bobby Okereke;NYG;00-0035687
322;38577;Bobby Wagner;SEA;Bobby Wagner;SEA;00-0029255
493;54505;Boye Mafe;SEA;Boye Mafe;SEA;00-0038133
282;46074;Bradley Chubb;MIA;Bradley Chubb;MIA;00-0034832
567;41257;Bradley Roby;PHI;Bradley Roby;PHI;00-0031372
437;53629;Brandin Echols;NYJ;Brandin Echols;NYJ;00-0036504
788;46729;Brandon Facyson;LV;Brandon Facyson;LV;00-0034545
310;35452;Brandon Graham;PHI;Brandon Graham;PHI;00-0027865
476;52478;Brandon Jones;MIA;Brandon Jones;MIA;00-0036221
54;53533;Brandon Stephens;BAL;Brandon Stephens;BAL;00-0036987
604;41363;Brent Urban;BAL;Brent Urban;BAL;00-0031177
428;56576;Brevin Allen;LAC;;;
139;54531;Brian Asamoah II;MIN;;;00-0037822
6;55910;Brian Branch;DET;Brian Branch;DET;00-0039141
443;47799;Brian Burns;CAR;Brian Burns;CAR;00-0035713
734;38545;Bruce Irvin;DET;Bruce Irvin;DET;00-0029193
464;55893;Bryan Bresee;NO;Bryan Bresee;NO;00-0038995
0;54527;Bryan Cook;KC;Bryan Cook;KC;00-0037193
537;52566;Bryce Hall;NYJ;Bryce Hall;NYJ;00-0036241
434;53053;Bryce Huff;NYJ;Bryce Huff;NYJ;00-0036151
509;42365;Bud Dupree;ATL;Bud Dupree;ATL;00-0032146
193;44848;Budda Baker;ARI;Budda Baker;ARI;00-0033890
127;47816;Byron Murphy;MIN;Byron Murphy;MIN;00-0035236
319;55942;Byron Young;LA;Byron Young;LA;00-0039137
7;47888;C.J. Gardner-Johnson;DET;;;00-0035253
359;42094;C.J. Goodwin;DAL;C.J. Goodwin;DAL;00-0031357
42;52417;C.J. Henderson;CAR;C.J. Henderson;CAR;00-0036281
362;41243;C.J. Mosley;NYJ;C.J. Mosley;NYJ;00-0031296
459;33131;Calais Campbell;ATL;Calais Campbell;ATL;00-0026190
623;55883;Calijah Kancey;TB;Calijah Kancey;TB;00-0039063
683;45590;Calvin Munson;NE;Calvin Munson;NE;00-0033716
763;45590;Calvin Munson;MIA;Calvin Munson;MIA;00-0033716
589;52947;Cam Gill;TB;Cam Gill;TB;00-0036045
816;56265;Cam Jones;KC;Cam Jones;KC;00-0038513
391;48487;Cam Lewis;BUF;;;00-0035357
587;55916;Cam Smith;MIA;Cam Smith;MIA;00-0039133
79;54525;Cam Taylor-Britt;CIN;Cam Taylor-Britt;CIN;00-0037753
482;54689;Cameron Goode;MIA;Cameron Goode;MIA;00-0037315
446;37097;Cameron Jordan;NO;Cameron Jordan;NO;00-0027962
96;56007;Cameron Mitchell;CLE;Cameron Mitchell;CLE;00-0038585
88;53540;Cameron Sample;CIN;;;00-0036850
8;44906;Cameron Sutton;DET;Cameron Sutton;DET;00-0033930
533;54552;Cameron Thomas;ARI;Cameron Thomas;ARI;00-0037815
128;53554;Camryn Bynum;MIN;Camryn Bynum;MIN;00-0036629
166;48537;Carl Granderson;NO;Carl Granderson;NO;00-0035402
613;53490;Carlos Basham;NYG;Carlos Basham;NYG;00-0036553
120;46132;Carlton Davis III;TB;;;00-0034778
235;56097;Carrington Valentine;GB;Carrington Valentine;GB;00-0038408
210;52641;Casey Toohill;WAS;Casey Toohill;WAS;00-0036403
412;54535;Chad Muma;JAX;Chad Muma;JAX;00-0037811
16;55984;Chamarri Conner;KC;Chamarri Conner;KC;00-0038982
512;55148;Chandler Wooten;CAR;Chandler Wooten;CAR;00-0037560
184;46652;Chandon Sullivan;PIT;Chandon Sullivan;PIT;00-0034468
481;54567;Channing Tindall;MIA;Channing Tindall;MIA;00-0037813
20;44834;Charles Harris;DET;Charles Harris;DET;00-0033880
169;46757;Charvarius Ward;SF;Charvarius Ward;SF;00-0034573
488;52410;Chase Young;WAS;Chase Young;WAS;00-0036321
767;52410;Chase Young;SF;Chase Young;SF;00-0036321
529;53513;Chauncey Golston;DAL;Chauncey Golston;DAL;00-0036982
80;44872;Chidobe Awuzie;CIN;Chidobe Awuzie;CIN;00-0033548
796;46407;Chris Lammons;IND;Chris Lammons;IND;00-0034145
484;53547;Chris Rumph II;LAC;;;00-0036867
759;56035;Chris Smith II;LV;;;
369;54650;Christian Benford;BUF;Christian Benford;BUF;00-0037288
306;54026;Christian Elliss;PHI;Christian Elliss;PHI;00-0036813
286;55881;Christian Gonzalez;NE;Christian Gonzalez;NE;00-0039147
46;54540;Christian Harris;HOU;Christian Harris;HOU;00-0037823
800;54705;Christian Holmes;WAS;Christian Holmes;WAS;00-0037095
121;56540;Christian Izien;TB;Christian Izien;TB;00-0038820
313;52844;Christian Rozeboom;LA;Christian Rozeboom;LA;00-0035942
740;47796;Christian Wilkins;MIA;Christian Wilkins;MIA;00-0035231
695;55978;Clark Phillips III;ATL;;;00-0038568
686;47787;Clelin Ferrell;SF;Clelin Ferrell;SF;00-0035692
320;54607;Cobie Durant;LA;Cobie Durant;LA;00-0037839
323;54574;Coby Bryant;SEA;Coby Bryant;SEA;00-0038136
203;47871;Cody Barton;WAS;Cody Barton;WAS;00-0035672
176;47956;Cole Holcomb;PIT;Cole Holcomb;PIT;00-0035286
539;54546;Cordale Flott;NYG;Cordale Flott;NYG;00-0037758
463;47963;Corey Ballentine;GB;Corey Ballentine;GB;00-0035633
64;43797;Cory Littleton;HOU;Cory Littleton;HOU;00-0032677
598;46535;Craig James;NYJ;Craig James;NYJ;00-0034310
657;48173;Curtis Bolton;LV;Curtis Bolton;LV;00-0035076
688;53933;Curtis Robinson;SF;Curtis Robinson;SF;00-0036728
744;56111;D.J. Ivey;CIN;D.J. Ivey;CIN;00-0038642
363;46211;D.J. Reed;NYJ;D.J. Reed;NYJ;00-0034384
142;52525;D.J. Wonnum;MIN;D.J. Wonnum;MIN;00-0036335
776;48103;D'Angelo Ross;HOU;;;
663;54915;D'Anthony Bell;CLE;D'Anthony Bell;CLE;00-0037332
808;54626;D'Marco Jackson;NO;D'Marco Jackson;NO;00-0037271
491;56598;D'Shawn Jamison;CAR;D'Shawn Jamison;CAR;00-0038877
653;55950;Daiyan Henley;LAC;Daiyan Henley;LAC;00-0038553
241;46908;Dallin Leavitt;GB;Dallin Leavitt;GB;00-0034726
105;54980;Dallis Flowers;IND;Dallis Flowers;IND;00-0037395
684;44867;Dalvin Tomlinson;CLE;Dalvin Tomlinson;CLE;00-0033546
701;53641;Damar Hamlin;BUF;Damar Hamlin;BUF;00-0036888
244;54580;Damarri Mathis;DEN;Damarri Mathis;DEN;00-0038105
353;54641;Damone Clark;DAL;Damone Clark;DAL;00-0037281
182;44962;Damontae Kazee;PIT;Damontae Kazee;PIT;00-0033512
351;54579;Dane Belton;NYG;Dane Belton;NYG;00-0038123
392;52647;Dane Jackson;BUF;Dane Jackson;BUF;00-0036166
561;41502;Daniel Sorensen;NO;;;00-0030665
511;52565;Daniel Thomas;JAX;Daniel Thomas;JAX;00-0036306
141;42431;Danielle Hunter;MIN;Danielle Hunter;MIN;00-0031565
541;46329;Danny Johnson;WAS;Danny Johnson;WAS;00-0034071
438;42346;Dante Fowler Jr.;DAL;;;00-0032052
99;46456;Darious Williams;JAX;Darious Williams;JAX;00-0034203
658;56003;Darius Rush;PIT;Darius Rush;PIT;00-0038388
295;39984;Darius Slay;PHI;Darius Slay;PHI;00-0030062
358;52518;Darnay Holmes;NYG;Darnay Holmes;NYG;00-0036394
216;47804;Darnell Savage;GB;Darnell Savage;GB;00-0034968
350;54632;DaRon Bland;DAL;;;00-0037275
722;46082;Daron Payne;WAS;Daron Payne;WAS;00-0034333
106;55137;Darrell Baker Jr.;IND;;;00-0037549
768;56020;Darrell Luter Jr.;SF;;;00-0038594
330;52456;Darrell Taylor;SEA;Darrell Taylor;SEA;00-0036413
204;53592;Darrick Forrest;WAS;Darrick Forrest;WAS;00-0036638
68;43366;Daryl Worley;BAL;Daryl Worley;BAL;00-0032891
389;47862;David Long;LV;David Long;LV;00-0035665
702;47862;David Long;CAR;David Long;CAR;00-0035665
278;47971;David Long Jr.;MIA;David Long Jr.;MIA;00-0035292
612;42512;David Mayo;WAS;David Mayo;WAS;00-0031596
67;54510;David Ojabo;BAL;David Ojabo;BAL;00-0038142
550;43409;David Onyemata;ATL;David Onyemata;ATL;00-0033051
669;44991;Davon Godchaux;NE;Davon Godchaux;NE;00-0033860
583;44880;Dawuane Smoot;JAX;Dawuane Smoot;JAX;00-0033907
81;54496;Daxton Hill;CIN;;;00-0037743
232;43404;De'Vondre Campbell;GB;De'Vondre Campbell;GB;00-0032401
140;43426;Dean Lowry;MIN;Dean Lowry;MIN;00-0032412
528;42901;Dean Marlowe;LAC;Dean Marlowe;LAC;00-0031870
406;43474;DeAndre Houston-Carson;HOU;DeAndre Houston-Carson;HOU;00-0032790
608;43474;DeAndre Houston-Carson;BAL;;;00-0032790
654;54701;Deane Leonard;LAC;Deane Leonard;LAC;00-0037320
592;44944;Deatrich Wise;NE;Deatrich Wise;NE;00-0033947
28;52272;Dee Alford;ATL;Dee Alford;ATL;00-0037034
421;46699;Dee Delaney;TB;Dee Delaney;TB;00-0034515
536;56081;Dee Winters;SF;Dee Winters;SF;00-0038625
118;43296;DeForest Buckner;IND;DeForest Buckner;IND;00-0032378
490;43341;Deion Jones;CAR;Deion Jones;CAR;00-0032388
517;48364;Del'Shawn Phillips;BAL;Del'Shawn Phillips;BAL;00-0035202
439;54617;Delarrin Turner-Yell;DEN;Delarrin Turner-Yell;DEN;00-0037264
508;56089;DeMarcco Hellams;ATL;DeMarcco Hellams;ATL;00-0038628
627;41263;DeMarcus Lawrence;DAL;;;00-0031411
543;44863;DeMarcus Walker;CHI;DeMarcus Walker;CHI;00-0033782
145;38607;Demario Davis;NO;Demario Davis;NO;00-0029607
534;48117;Demetrius Flannigan-Fowles;SF;Demetrius Flannigan-Fowles;SF;00-0035020
423;42031;Denico Autry;TEN;Denico Autry;TEN;00-0031254
200;46657;Dennis Gardeck;ARI;Dennis Gardeck;ARI;00-0034473
47;42391;Denzel Perryman;HOU;Denzel Perryman;HOU;00-0032103
73;46073;Denzel Ward;CLE;Denzel Ward;CLE;00-0034856
170;53601;Deommodore Lenoir;SF;Deommodore Lenoir;SF;00-0036563
787;43413;Deon Bush;KC;Deon Bush;KC;00-0032774
345;55888;Deonte Banks;NYG;Deonte Banks;NYG;00-0039000
525;44826;Derek Barnett;PHI;Derek Barnett;PHI;00-0033876
48;54468;Derek Stingley Jr.;HOU;;;00-0037237
333;55902;Derick Hall;SEA;Derick Hall;SEA;00-0039047
314;54677;Derion Kendrick;LA;Derion Kendrick;LA;00-0037842
503;56547;Derrek Pitts;TB;Derrek Pitts;TB;00-0038827
12;53542;Derrick Barnes;DET;Derrick Barnes;DET;00-0036964
577;46144;Derrick Nnadi;KC;Derrick Nnadi;KC;00-0034818
265;46086;Derwin James;LAC;Derwin James;LAC;00-0034790
272;46259;DeShon Elliott;MIA;DeShon Elliott;MIA;00-0034277
741;44964;Desmond King;HOU;Desmond King;HOU;00-0033566
332;47793;Devin Bush;SEA;Devin Bush;SEA;00-0035525
100;54492;Devin Lloyd;JAX;Devin Lloyd;JAX;00-0037244
122;47788;Devin White;TB;Devin White;TB;00-0035707
402;55869;Devon Witherspoon;SEA;Devon Witherspoon;SEA;00-0039169
506;54493;Devonte Wyatt;GB;Devonte Wyatt;GB;00-0037075
798;47800;Dexter Lawrence;NYG;Dexter Lawrence;NYG;00-0035683
675;53883;Dicaprio Bootle;CAR;Dicaprio Bootle;CAR;00-0036678
728;56364;Divaad Wilson;ARI;Divaad Wilson;ARI;00-0038674
250;53509;Divine Deablo;LV;Divine Deablo;LV;00-0036990
585;55945;DJ Johnson;CAR;;;00-0038535
564;43455;DJ Reader;CIN;;;00-0032424
89;55925;DJ Turner II;CIN;;;00-0038549
236;54639;Dominique Robinson;CHI;Dominique Robinson;CHI;00-0037082
496;47996;Donovan Wilson;DAL;Donovan Wilson;DAL;00-0035301
34;46124;Donte Jackson;CAR;Donte Jackson;CAR;00-0034356
530;46185;Dorance Armstrong;DAL;Dorance Armstrong;DAL;00-0034373
393;55956;Dorian Williams;BUF;Dorian Williams;BUF;00-0038557
451;54526;Drake Jackson;SF;Drake Jackson;SF;00-0037826
662;56644;Drake Thomas;SEA;Drake Thomas;SEA;00-0038922
171;47931;Dre Greenlaw;SF;Dre Greenlaw;SF;00-0034982
697;47854;Dre'Mont Jones;SEA;Dre'Mont Jones;SEA;00-0035678
472;55932;Drew Sanders;DEN;Drew Sanders;DEN;00-0039003
23;47913;Drue Tranquill;KC;Drue Tranquill;KC;00-0035262
477;44887;Duke Riley;MIA;Duke Riley;MIA;00-0033549
568;47988;Duke Shelley;LA;Duke Shelley;LA;00-0035696
650;40039;Duron Harmon;CHI;Duron Harmon;CHI;00-0030383
770;40039;Duron Harmon;CLE;Duron Harmon;CLE;00-0030383
672;45643;Dylan Cole;CHI;Dylan Cole;CHI;00-0033765
467;55974;Dylan Horton;HOU;Dylan Horton;HOU;00-0039009
112;47947;E.J. Speed;IND;E.J. Speed;IND;00-0034987
699;47792;Ed Oliver;BUF;Ed Oliver;BUF;00-0035230
223;44925;Eddie Jackson;CHI;Eddie Jackson;CHI;00-0033784
698;42331;Efe Obada;WAS;Efe Obada;WAS;00-0031500
819;56668;Ekow Boye-Doe;KC;;;
626;56501;Eku Leota;CAR;Eku Leota;CAR;00-0038782
177;43503;Elandon Roberts;PIT;Elandon Roberts;PIT;00-0032442
273;43299;Eli Apple;MIA;Eli Apple;MIA;00-0032379
566;56242;Eli Ricks;PHI;Eli Ricks;PHI;00-0038487
478;46501;Elijah Campbell;MIA;Elijah Campbell;MIA;00-0034248
231;54719;Elijah Hicks;CHI;Elijah Hicks;CHI;00-0037096
159;53529;Elijah Molden;TEN;Elijah Molden;TEN;00-0036992
449;52904;Elijah Riley;PIT;Elijah Riley;PIT;00-0036002
205;55880;Emmanuel Forbes;WAS;Emmanuel Forbes;WAS;00-0039151
554;46354;Emmanuel Moseley;DET;;;00-0034096
479;43321;Emmanuel Ogbah;MIA;Emmanuel Ogbah;MIA;00-0033073
641;56673;Eric Garror;TEN;Eric Garror;TEN;00-0038961
266;42388;Eric Kendricks;LAC;Eric Kendricks;LAC;00-0031554
49;43395;Eric Murray;HOU;Eric Murray;HOU;00-0033038
772;42390;Eric Rowe;PIT;Eric Rowe;PIT;00-0031555
761;53458;Eric Stokes;GB;Eric Stokes;GB;00-0036901
240;45215;Eric Wilson;GB;Eric Wilson;GB;00-0033336
802;39908;Erik Harris;SF;;;00-0032320
315;53532;Ernest Jones;LA;Ernest Jones;LA;00-0036994
249;52764;Essang Bassey;DEN;Essang Bassey;DEN;00-0035862
655;52764;Essang Bassey;LAC;Essang Bassey;LAC;00-0035862
764;56374;Ethan Bonner;MIA;Ethan Bonner;MIA;00-0038684
497;46674;Ezekiel Turner;ARI;Ezekiel Turner;ARI;00-0034490
258;44893;Fabian Moreau;DEN;Fabian Moreau;DEN;00-0033918
24;55895;Felix Anudike-Uzomah;KC;Felix Anudike-Uzomah;KC;00-0039006
101;46269;Foye Oluokun;JAX;;;00-0034413
260;42406;Frank Clark;DEN;Frank Clark;DEN;00-0032210
646;42406;Frank Clark;SEA;Frank Clark;SEA;00-0032210
40;46527;Frankie Luvu;CAR;Frankie Luvu;CAR;00-0034302
172;46139;Fred Warner;SF;Fred Warner;SF;00-0034815
783;53599;Garret Wallow;TEN;Garret Wallow;TEN;00-0036844
618;55937;Garrett Williams;ARI;Garrett Williams;ARI;00-0039007
55;52627;Geno Stone;BAL;Geno Stone;BAL;00-0036199
13;54495;George Karlaftis;KC;George Karlaftis;KC;00-0037192
192;46349;George Odum;SF;George Odum;SF;00-0034091
82;47855;Germaine Pratt;CIN;Germaine Pratt;CIN;00-0035697
813;55918;Gervon Dexter Sr.;CHI;;;00-0039070
552;42480;Grady Jarrett;ATL;Grady Jarrett;ATL;00-0031583
74;52452;Grant Delpit;CLE;Grant Delpit;CLE;00-0036282
557;53688;Grant Stuard;IND;Grant Stuard;IND;00-0036672
70;52897;Grayland Arnold;HOU;Grayland Arnold;HOU;00-0035995
420;47917;Greg Gaines;TB;Greg Gaines;TB;00-0035667
75;53455;Greg Newsome II;CLE;;;00-0036996
489;53459;Greg Rousseau;BUF;;;00-0036914
413;46310;Greg Stroman;CHI;Greg Stroman;CHI;00-0034337
685;54662;Gregory Junior;JAX;Gregory Junior;JAX;00-0037296
407;44957;Grover Stewart;IND;Grover Stewart;IND;00-0033952
502;44825;Haason Reddick;PHI;Haason Reddick;PHI;00-0033875
154;46110;Harold Landry III;TEN;;;00-0034828
483;46165;Harrison Phillips;MIN;Harrison Phillips;MIN;00-0034782
129;38559;Harrison Smith;MIN;Harrison Smith;MIN;00-0029606
60;56032;Henry To'oTo'o;HOU;Henry To'oTo'o;HOU;00-0038599
457;53530;Ifeatu Melifonwu;DET;Ifeatu Melifonwu;DET;00-0036993
242;53187;Innis Gaines;GB;Innis Gaines;GB;00-0036462
576;45038;Isaac Rochell;LV;Isaac Rochell;LV;00-0033588
163;46168;Isaac Yiadom;NO;Isaac Yiadom;NO;00-0034780
588;47975;Isaiah Buggs;DET;Isaiah Buggs;DET;00-0035219
238;53649;Isaiah McDuffie;GB;Isaiah McDuffie;GB;00-0036658
810;55991;Isaiah McGuire;CLE;Isaiah McGuire;CLE;00-0038574
190;46127;Isaiah Oliver;SF;Isaiah Oliver;SF;00-0034357
609;55100;Isaiah Pola-Mao;LV;Isaiah Pola-Mao;LV;00-0037512
352;52416;Isaiah Simmons;NYG;Isaiah Simmons;NYG;00-0036356
354;53656;Israel Mukuamu;DAL;Israel Mukuamu;DAL;00-0036661
138;56527;Ivan Pace Jr.;MIN;;;00-0038807
267;46775;J.C. Jackson;LAC;J.C. Jackson;LAC;00-0034591
558;46775;J.C. Jackson;NE;J.C. Jackson;NE;00-0034591
738;55079;J.J. Russell;TB;J.J. Russell;TB;00-0037491
524;46378;J.T. Gray;NO;J.T. Gray;NO;00-0034116
549;55240;Ja'Marcus Ingram;BUF;Ja'Marcus Ingram;BUF;00-0037661
441;54969;Ja'Quan McMillian;DEN;Ja'Quan McMillian;DEN;00-0037384
284;54679;Ja'Sir Taylor;LAC;Ja'Sir Taylor;LAC;00-0037307
287;46212;Ja'Whaun Bentley;NE;Ja'Whaun Bentley;NE;00-0034385
288;44837;Jabrill Peppers;NE;Jabrill Peppers;NE;00-0033883
19;55882;Jack Campbell;DET;Jack Campbell;DET;00-0039018
498;54877;Jack Cochrane;KC;Jack Cochrane;KC;00-0037208
155;55184;Jack Gibbens;TEN;Jack Gibbens;TEN;00-0037596
611;54586;Jack Jones;NE;Jack Jones;NE;00-0038039
707;54586;Jack Jones;LV;Jack Jones;LV;00-0038039
230;54781;Jack Sanborn;CHI;Jack Sanborn;CHI;00-0037109
594;55212;Jacob Hummel;LA;;;00-0037633
399;41227;Jadeveon Clowney;BAL;Jadeveon Clowney;BAL;00-0031364
279;53447;Jaelan Phillips;MIA;Jaelan Phillips;MIA;00-0036934
289;47826;Jahlani Tavai;NE;Jahlani Tavai;NE;00-0035240
217;46087;Jaire Alexander;GB;Jaire Alexander;GB;00-0034728
470;55043;Jake Hansen;HOU;Jake Hansen;HOU;00-0037457
251;55969;Jakorian Bennett;LV;Jakorian Bennett;LV;00-0039072
504;46630;Jalen Davis;CIN;Jalen Davis;CIN;00-0034446
724;56174;Jalen Harris;WAS;Jalen Harris;WAS;00-0038423
304;43522;Jalen Mills;NE;Jalen Mills;NE;00-0032803
50;54502;Jalen Pitre;HOU;Jalen Pitre;HOU;00-0037246
631;43294;Jalen Ramsey;MIA;Jalen Ramsey;MIA;00-0033055
461;44937;Jalen Reeves-Maybin;DET;Jalen Reeves-Maybin;DET;00-0033557
194;49410;Jalen Thompson;ARI;Jalen Thompson;ARI;00-0035705
605;54584;Jalyn Armour-Davis;BAL;Jalyn Armour-Davis;BAL;00-0038119
538;44818;Jamal Adams;SEA;Jamal Adams;SEA;00-0033872
123;47877;Jamel Dean;TB;Jamel Dean;TB;00-0035699
296;43351;James Bradberry;PHI;James Bradberry;PHI;00-0032890
25;54682;James Houston;DET;James Houston;DET;00-0037310
617;52697;James Pierre;PIT;James Pierre;PIT;00-0035795
214;52637;James Smith-Williams;WAS;James Smith-Williams;WAS;00-0036351
379;53575;Jamien Sherwood;NYJ;Jamien Sherwood;NYJ;00-0036500
206;53448;Jamin Davis;WAS;Jamin Davis;WAS;00-0036614
586;56010;Jammie Robinson;CAR;Jammie Robinson;CAR;00-0038587
750;53563;Janarius Robinson;LV;Janarius Robinson;LV;00-0036878
224;54513;Jaquan Brisker;CHI;Jaquan Brisker;CHI;00-0038135
784;43338;Jarran Reed;SEA;Jarran Reed;SEA;00-0032387
346;53604;Jason Pinnock;NYG;Jason Pinnock;NYG;00-0036502
730;56099;Jason Taylor;LA;Jason Taylor;LA;00-0039060
792;41251;Jason Verrett;SF;;;00-0031334
687;43378;Javon Hargrave;SF;Javon Hargrave;SF;00-0033109
754;52422;Javon Kinlaw;SF;Javon Kinlaw;SF;00-0036260
751;55999;Jay Ward;MIN;Jay Ward;MIN;00-0038578
35;53437;Jaycee Horn;CAR;Jaycee Horn;CAR;00-0036944
411;54708;Jaylen Watson;KC;Jaylen Watson;KC;00-0037195
780;56532;Jaylin Williams;MIN;Jaylin Williams;MIN;00-0038812
45;52542;Jaylinn Hawkins;ATL;Jaylinn Hawkins;ATL;00-0036302
732;52542;Jaylinn Hawkins;LAC;Jaylinn Hawkins;LAC;00-0036302
225;52458;Jaylon Johnson;CHI;Jaylon Johnson;CHI;00-0036292
419;54778;Jaylon Jones;CHI;Jaylon Jones;CHI;00-0037106
522;56086;Jaylon Jones;IND;Jaylon Jones;IND;00-0038407
676;43323;Jaylon Smith;LV;Jaylon Smith;LV;00-0033052
336;43533;Jayron Kearse;DAL;Jayron Kearse;DAL;00-0032454
458;52411;Jeff Okudah;ATL;Jeff Okudah;ATL;00-0036274
425;47802;Jeffery Simmons;TEN;Jeffery Simmons;TEN;00-0035643
637;45018;Jeremiah Ledbetter;JAX;Jeremiah Ledbetter;JAX;00-0033582
453;54857;Jeremiah Moon;BAL;Jeremiah Moon;BAL;00-0037179
86;53481;Jeremiah Owusu-Koramoah;CLE;Jeremiah Owusu-Koramoah;CLE;00-0036915
36;52472;Jeremy Chinn;CAR;Jeremy Chinn;CAR;00-0036293
596;54491;Jermaine Johnson II;NYJ;;;00-0037663
274;46142;Jerome Baker;MIA;Jerome Baker;MIA;00-0034797
494;56063;Jerrick Reed II;SEA;;;00-0038613
625;35470;Jerry Hughes;HOU;Jerry Hughes;HOU;00-0027881
9;53953;Jerry Jacobs;DET;Jerry Jacobs;DET;00-0036748
431;54721;Jesse Luketa;ARI;Jesse Luketa;ARI;00-0037330
29;46123;Jessie Bates;ATL;Jessie Bates;ATL;00-0034675
275;53465;Jevon Holland;MIA;Jevon Holland;MIA;00-0036998
450;55952;Ji'Ayir Brown;SF;Ji'Ayir Brown;SF;00-0038554
356;43333;Jihad Ward;NYG;Jihad Ward;NYG;00-0033046
465;41256;Jimmie Ward;HOU;Jimmie Ward;HOU;00-0031298
811;52797;Joe Bachie;CIN;Joe Bachie;CIN;00-0035895
135;53461;Joe Tryon-Shoyinka;TB;;;00-0036967
544;47828;Joejuan Williams;CHI;Joejuan Williams;CHI;00-0035241
717;47828;Joejuan Williams;MIN;Joejuan Williams;MIN;00-0035241
563;54819;Joey Blount;ARI;Joey Blount;ARI;00-0037141
600;43292;Joey Bosa;LAC;Joey Bosa;LAC;00-0033156
185;55897;Joey Porter Jr.;PIT;;;00-0039167
460;47918;John Cominsky;DET;John Cominsky;DET;00-0035265
633;46204;John Franklin-Myers;NYJ;John Franklin-Myers;NYJ;00-0034805
433;44903;John Johnson;LA;John Johnson;LA;00-0033927
523;47810;Johnathan Abram;NO;Johnathan Abram;NO;00-0035693
723;39997;Johnathan Hankins;DAL;Johnathan Hankins;DAL;00-0030063
540;54014;Jon Rhattigan;SEA;Jon Rhattigan;SEA;00-0036802
659;43361;Jonathan Bullard;MIN;Jonathan Bullard;MIN;00-0033093
553;52498;Jonathan Greenard;HOU;Jonathan Greenard;HOU;00-0036224
578;48170;Jonathan Harris;DEN;Jonathan Harris;DEN;00-0035073
290;43700;Jonathan Jones;NE;Jonathan Jones;NE;00-0032580
239;46669;Jonathan Owens;GB;Jonathan Owens;GB;00-0034485
257;53668;Jonathon Cooper;DEN;Jonathon Cooper;DEN;00-0036952
400;55960;Jordan Battle;CIN;Jordan Battle;CIN;00-0038560
742;52496;Jordan Elliott;CLE;Jordan Elliott;CLE;00-0036266
316;52607;Jordan Fuller;LA;Jordan Fuller;LA;00-0036431
130;42427;Jordan Hicks;MIN;Jordan Hicks;MIN;00-0032129
151;56011;Jordan Howden;NO;Jordan Howden;NO;00-0038588
731;48588;Jordan Kunaszyk;CLE;Jordan Kunaszyk;CLE;00-0035444
370;40166;Jordan Poyer;BUF;Jordan Poyer;BUF;00-0030114
367;46186;Jordan Whitehead;NYJ;Jordan Whitehead;NYJ;00-0034374
324;52435;Jordyn Brooks;SEA;Jordyn Brooks;SEA;00-0036409
565;53498;Joseph Ossai;CIN;Joseph Ossai;CIN;00-0036902
245;46175;Josey Jewell;DEN;Josey Jewell;DEN;00-0034368
237;54807;Josh Blackwell;CHI;Josh Blackwell;CHI;00-0037129
712;56046;Josh Hayes;TB;Josh Hayes;TB;00-0039051
114;47790;Josh Hines-Allen;JAX;Josh Hines-Allen;JAX;00-0035642
311;54815;Josh Jobe;PHI;Josh Jobe;PHI;00-0037137
131;52613;Josh Metellus;MIN;Josh Metellus;MIN;00-0036348
384;46199;Josh Sweat;PHI;Josh Sweat;PHI;00-0034381
195;46968;Josh Woods;ARI;Josh Woods;ARI;00-0034801
22;54511;Joshua Paschal;DET;;;00-0038096
309;52468;Joshua Uche;NE;Joshua Uche;NE;00-0036159
15;54600;Joshua Williams;KC;Joshua Williams;KC;00-0038043
622;52545;Josiah Scott;PHI;Josiah Scott;PHI;00-0036303
435;44904;Jourdan Lewis;DAL;Jourdan Lewis;DAL;00-0033928
268;54544;JT Woods;LAC;;;00-0038091
447;47846;Juan Thornhill;CLE;Juan Thornhill;CLE;00-0035625
337;55166;Juanyeh Thomas;DAL;Juanyeh Thomas;DAL;00-0037578
107;52493;Julian Blackmon;IND;Julian Blackmon;IND;00-0036253
325;47891;Julian Love;SEA;Julian Love;SEA;00-0034974
590;52475;Julian Okwara;DET;Julian Okwara;DET;00-0036249
452;55909;Julius Brents;IND;Julius Brents;IND;00-0039156
281;38707;Justin Bethel;MIA;Justin Bethel;MIA;00-0029530
297;44862;Justin Evans;PHI;Justin Evans;PHI;00-0033898
234;47939;Justin Hollins;GB;Justin Hollins;GB;00-0035591
705;47939;Justin Hollins;LAC;Justin Hollins;LAC;00-0035591
44;37145;Justin Houston;CAR;Justin Houston;CAR;00-0028008
414;46153;Justin Jones;CHI;Justin Jones;CHI;00-0034677
1;46137;Justin Reid;KC;Justin Reid;KC;00-0034361
246;43387;Justin Simmons;DEN;Justin Simmons;DEN;00-0032971
501;53605;K.J. Britt;TB;K.J. Britt;TB;00-0036643
117;52428;K'Lavon Chaisson;JAX;K'Lavon Chaisson;JAX;00-0036286
196;52535;K'Von Wallace;ARI;K'Von Wallace;ARI;00-0036395
706;52535;K'Von Wallace;TEN;K'Von Wallace;TEN;00-0036395
471;47968;Ka'dar Hollman;HOU;Ka'dar Hollman;HOU;00-0034990
30;48027;Kaden Elliss;ATL;Kaden Elliss;ATL;00-0035316
276;54936;Kader Kohou;MIA;Kader Kohou;MIA;00-0037353
710;56543;Kaevon Merriweather;TB;Kaevon Merriweather;TB;00-0038823
664;56275;Kahlef Hailassie;CLE;Kahlef Hailassie;CLE;00-0038523
546;54488;Kaiir Elam;BUF;Kaiir Elam;BUF;00-0037242
207;52624;Kam Curl;WAS;;;00-0036349
445;43497;Kamu Grugier-Hill;CAR;Kamu Grugier-Hill;CAR;00-0032437
610;54968;Kana'i Mauga;LV;Kana'i Mauga;LV;00-0037383
247;35459;Kareem Jackson;DEN;Kareem Jackson;DEN;00-0027872
795;35459;Kareem Jackson;HOU;Kareem Jackson;HOU;00-0027872
690;56044;Karl Brooks;GB;Karl Brooks;GB;00-0038398
357;54470;Kayvon Thibodeaux;NYG;Kayvon Thibodeaux;NYG;00-0037611
178;43306;Keanu Neal;PIT;Keanu Neal;PIT;00-0032382
197;56045;Kei'Trel Clark;ARI;Kei'Trel Clark;ARI;00-0038984
531;55911;Keion White;NE;Keion White;NE;00-0039148
743;54750;Keir Thomas;LA;Keir Thomas;LA;00-0037057
218;48241;Keisean Nixon;GB;Keisean Nixon;GB;00-0035133
757;55970;Kelee Ringo;PHI;Kelee Ringo;PHI;00-0039140
480;53473;Kelvin Joseph;MIA;Kelvin Joseph;MIA;00-0036935
208;43373;Kendall Fuller;WAS;Kendall Fuller;WAS;00-0033084
535;47894;Kendall Sheffield;SF;Kendall Sheffield;SF;00-0035255
269;52431;Kenneth Murray, Jr.;LAC;;;00-0036441
691;43316;Kenny Clark;GB;Kenny Clark;GB;00-0033120
108;45287;Kenny Moore II;IND;;;00-0033393
736;46197;Kentavius Street;ATL;Kentavius Street;ATL;00-0034320
10;54562;Kerby Joseph;DET;Kerby Joseph;DET;00-0037667
156;43353;Kevin Byard;TEN;Kevin Byard;TEN;00-0033132
645;43353;Kevin Byard;PHI;Kevin Byard;PHI;00-0033132
713;48123;Kevin Givens;SF;Kevin Givens;SF;00-0035026
516;43507;Kevon Seymour;BAL;Kevon Seymour;BAL;00-0032942
580;52570;Khaleke Hudson;WAS;Khaleke Hudson;WAS;00-0036343
630;47867;Khalen Saunders;NO;Khalen Saunders;NO;00-0035656
652;52555;Khalid Kareem;CHI;Khalid Kareem;CHI;00-0036341
603;53028;Khalil Dorsey;DET;Khalil Dorsey;DET;00-0036124
283;41231;Khalil Mack;LAC;Khalil Mack;LAC;00-0031040
162;52571;Kindle Vildor;TEN;Kindle Vildor;TEN;00-0036307
748;52571;Kindle Vildor;DET;Kindle Vildor;DET;00-0036307
233;54644;Kingsley Enagbare;GB;Kingsley Enagbare;GB;00-0037083
670;56002;KJ Henry;WAS;;;00-0038581
157;52469;Kristian Fulton;TEN;Kristian Fulton;TEN;00-0036416
211;52863;Krys Barnes;ARI;Krys Barnes;ARI;00-0035961
624;55045;Kurt Hinish;HOU;Kurt Hinish;HOU;00-0037459
408;53450;Kwity Paye;IND;Kwity Paye;IND;00-0036479
183;42467;Kwon Alexander;PIT;Kwon Alexander;PIT;00-0032109
291;52445;Kyle Dugger;NE;Kyle Dugger;NE;00-0036231
62;54479;Kyle Hamilton;BAL;Kyle Hamilton;BAL;00-0038038
515;41269;Kyle Van Noy;BAL;Kyle Van Noy;BAL;00-0031360
226;54504;Kyler Gordon;CHI;Kyler Gordon;CHI;00-0038111
720;56022;Kyu Kelly;GB;;;00-0038381
815;56022;Kyu Kelly;WAS;;;00-0038381
198;46188;Kyzir White;ARI;Kyzir White;ARI;00-0034375
2;52546;L'Jarius Sneed;KC;L'Jarius Sneed;KC;00-0036374
615;53087;LaCale London;ATL;;;00-0036204
635;44877;Larry Ogunjobi;PIT;Larry Ogunjobi;PIT;00-0033905
124;38588;Lavonte David;TB;Lavonte David;TB;00-0029562
338;46088;Leighton Vander Esch;DAL;Leighton Vander Esch;DAL;00-0034674
18;54568;Leo Chenal;KC;Leo Chenal;KC;00-0037819
388;43298;Leonard Floyd;BUF;Leonard Floyd;BUF;00-0033072
405;53470;Levi Onwuzurike;DET;Levi Onwuzurike;DET;00-0036954
179;46698;Levi Wallace;PIT;Levi Wallace;PIT;00-0034514
805;54497;Lewis Cine;MIN;Lewis Cine;MIN;00-0037245
769;40031;Logan Ryan;SF;Logan Ryan;SF;00-0030411
83;52473;Logan Wilson;CIN;Logan Wilson;CIN;00-0036294
462;47837;Lonnie Johnson;NO;Lonnie Johnson;NO;00-0035244
614;46135;Lorenzo Carter;ATL;Lorenzo Carter;ATL;00-0034360
507;55877;Lukas Van Ness;GB;Lukas Van Ness;GB;00-0039112
390;55105;Luke Masterson;LV;Luke Masterson;LV;00-0037517
69;46122;M.J. Stewart;HOU;M.J. Stewart;HOU;00-0034355
303;47938;Mack Wilson;NE;Mack Wilson;NE;00-0035144
591;53508;Malcolm Koonce;LV;Malcolm Koonce;LV;00-0036989
735;52665;Malcolm Roach;NO;Malcolm Roach;NO;00-0035763
11;54653;Malcolm Rodriguez;DET;Malcolm Rodriguez;DET;00-0037289
469;43356;Maliek Collins;HOU;Maliek Collins;HOU;00-0033131
65;52506;Malik Harrison;BAL;Malik Harrison;BAL;00-0036280
499;53887;Malik Herring;KC;Malik Herring;KC;00-0036682
339;44827;Malik Hooker;DAL;Malik Hooker;DAL;00-0033877
678;48089;Malik Reed;LV;Malik Reed;LV;00-0034954
199;53565;Marco Wilson;ARI;Marco Wilson;ARI;00-0036884
812;53565;Marco Wilson;NE;Marco Wilson;NE;00-0036884
571;46083;Marcus Davenport;MIN;Marcus Davenport;MIN;00-0034344
252;47974;Marcus Epps;LV;Marcus Epps;LV;00-0034993
301;54550;Marcus Jones;NE;Marcus Jones;NE;00-0037253
146;44851;Marcus Maye;NO;Marcus Maye;NO;00-0033892
253;42361;Marcus Peters;LV;Marcus Peters;LV;00-0032165
56;44854;Marcus Williams;BAL;Marcus Williams;BAL;00-0033894
383;54814;Mario Goodrich;PHI;Mario Goodrich;PHI;00-0037136
500;54690;Mark Robinson;PIT;Mark Robinson;PIT;00-0037316
693;56670;Markees Watts;TB;Markees Watts;TB;00-0038958
340;55149;Markquese Bell;DAL;Markquese Bell;DAL;00-0037561
527;52623;Markus Bailey;CIN;Markus Bailey;CIN;00-0036314
188;42401;Markus Golden;PIT;Markus Golden;PIT;00-0032127
562;44828;Marlon Humphrey;BAL;Marlon Humphrey;BAL;00-0033281
682;46205;Marquis Haynes;CAR;Marquis Haynes;CAR;00-0034382
147;44823;Marshon Lattimore;NO;Marshon Lattimore;NO;00-0033874
293;55941;Marte Mapu;NE;Marte Mapu;NE;00-0039054
76;54533;Martin Emerson;CLE;Martin Emerson;CLE;00-0037250
371;44976;Matt Milano;BUF;Matt Milano;BUF;00-0033571
665;46290;Matthew Adams;CLE;Matthew Adams;CLE;00-0034424
308;43435;Matthew Judon;NE;;;00-0032415
584;43616;Matthias Farley;CAR;Matthias Farley;CAR;00-0032496
648;46209;Maurice Hurst;CLE;Maurice Hurst;CLE;00-0034746
789;47889;Maxx Crosby;LV;Maxx Crosby;LV;00-0034973
132;55967;Mekhi Blackmon;MIN;Mekhi Blackmon;MIN;00-0038565
599;56237;Mekhi Garner;PHI;;;
793;38548;Melvin Ingram;MIA;Melvin Ingram;MIA;00-0029249
661;48206;Micah Abernathy;ATL;Micah Abernathy;ATL;00-0035098
372;40107;Micah Hyde;BUF;Micah Hyde;BUF;00-0030090
347;54611;Micah McFadden;NYG;Micah McFadden;NYG;00-0037259
602;53441;Micah Parsons;DAL;Micah Parsons;DAL;00-0036932
368;53583;Michael Carter II;NYJ;;;00-0036501
21;52585;Michael Danna;KC;Michael Danna;KC;00-0036378
270;45571;Michael Davis;LAC;Michael Davis;LAC;00-0033697
317;52835;Michael Hoecht;LA;Michael Hoecht;LA;00-0035933
57;43694;Michael Pierce;BAL;Michael Pierce;BAL;00-0032574
781;54582;Micheal Clemons;NYJ;Micheal Clemons;NYJ;00-0038107
165;55081;Mike Brown;TEN;Mike Brown;TEN;00-0037493
14;47882;Mike Edwards;KC;Mike Edwards;KC;00-0035681
666;46823;Mike Ford;CLE;Mike Ford;CLE;00-0034639
84;43641;Mike Hilton;CIN;Mike Hilton;CIN;00-0032521
387;46099;Mike Hughes;ATL;Mike Hughes;ATL;00-0034843
331;47941;Mike Jackson;SEA;;;00-0035277
804;41595;Mike Pennel;KC;Mike Pennel;KC;00-0030757
634;43400;Miles Killebrew;PIT;Miles Killebrew;PIT;00-0032399
180;46080;Minkah Fitzpatrick;PIT;Minkah Fitzpatrick;PIT;00-0034789
779;56401;Mohamoud Diabate;CLE;Mohamoud Diabate;CLE;00-0038711
582;54687;Montaric Brown;JAX;Montaric Brown;JAX;00-0037313
440;47809;Montez Sweat;WAS;Montez Sweat;WAS;00-0035647
644;53521;Monty Rice;TEN;Monty Rice;TEN;00-0037000
703;52527;Mykal Walker;PIT;Mykal Walker;PIT;00-0036300
292;52991;Myles Bryant;NE;Myles Bryant;NE;00-0036087
94;44813;Myles Garrett;CLE;Myles Garrett;CLE;00-0033868
774;43325;Myles Jack;PIT;Myles Jack;PIT;00-0032968
397;55892;Myles Murphy;CIN;Myles Murphy;CIN;00-0038546
696;53528;Nahshon Wright;DAL;Nahshon Wright;DAL;00-0036986
752;56531;NaJee Thompson;MIN;NaJee Thompson;MIN;00-0038811
298;54548;Nakobe Dean;PHI;Nakobe Dean;PHI;00-0037615
254;53596;Nate Hobbs;LV;Nate Hobbs;LV;00-0036871
385;55175;Nate Landman;ATL;Nate Landman;ATL;00-0037587
164;46141;Nathan Shepherd;NO;Nathan Shepherd;NO;00-0034760
560;55132;Nephi Sewell;NO;Nephi Sewell;NO;00-0037544
817;56115;Nic Jones;KC;Nic Jones;KC;00-0038986
381;45345;Nicholas Morrow;PHI;Nicholas Morrow;PHI;00-0033445
647;37792;Nick Bellore;SEA;Nick Bellore;SEA;00-0028292
3;53487;Nick Bolton;KC;Nick Bolton;KC;00-0036621
409;54561;Nick Cross;IND;Nick Cross;IND;00-0037616
747;56026;Nick Hampton;LA;Nick Hampton;LA;00-0039076
189;55997;Nick Herbig;PIT;Nick Herbig;PIT;00-0038577
355;53854;Nick McCloud;NYG;Nick McCloud;NYG;00-0036589
422;53614;Nick Niemann;LAC;Nick Niemann;LAC;00-0036648
85;48026;Nick Scott;CIN;Nick Scott;CIN;00-0035669
801;56561;Nick Whiteside;WAS;;;
259;54529;Nik Bonitto;DEN;Nik Bonitto;DEN;00-0037249
632;48476;Nik Needham;MIA;Nik Needham;MIA;00-0035346
454;52479;Nnamdi Madubuike;BAL;Nnamdi Madubuike;BAL;00-0036130
360;52438;Noah Igbinoghene;DAL;;;00-0036287
671;56013;Noah Sewell;CHI;Noah Sewell;CHI;00-0038390
302;55894;Nolan Smith;PHI;Nolan Smith;PHI;00-0039013
716;56054;Ochaun Mathis;LA;Ochaun Mathis;LA;00-0039135
66;53460;Odafe Oweh;BAL;Odafe Oweh;BAL;00-0036940
448;46229;Ogbo Okoronkwo;CLE;;;00-0034807
186;46157;Oren Burks;SF;Oren Burks;SF;00-0034754
430;47878;Oshane Ximines;NYG;Oshane Ximines;NYG;00-0035708
782;56573;Otis Reese;TEN;Otis Reese;TEN;00-0038853
729;56033;Owen Pappoe;ARI;Owen Pappoe;ARI;00-0038600
569;48447;P.J. Locke;DEN;P.J. Locke;DEN;00-0035227
473;46248;Parry Nickerson;MIA;Parry Nickerson;MIA;00-0034274
248;53438;Pat Surtain II;DEN;;;00-0036874
133;53519;Patrick Jones II;MIN;;;00-0037007
181;37078;Patrick Peterson;PIT;Patrick Peterson;PIT;00-0027943
58;52436;Patrick Queen;BAL;Patrick Queen;BAL;00-0036323
148;53505;Paulson Adebo;NO;Paulson Adebo;NO;00-0036937
209;54578;Percy Butler;WAS;Percy Butler;WAS;00-0038100
149;53489;Pete Werner;NO;Pete Werner;NO;00-0036927
794;46487;Poona Ford;BUF;Poona Ford;BUF;00-0034234
219;42381;Preston Smith;GB;Preston Smith;GB;00-0031935
579;55912;Quan Martin;WAS;Quan Martin;WAS;00-0039149
326;42543;Quandre Diggs;SEA;Quandre Diggs;SEA;00-0031608
220;54487;Quay Walker;GB;Quay Walker;GB;00-0037074
335;54676;Quentin Lake;LA;Quentin Lake;LA;00-0037841
364;47881;Quincy Williams;NYJ;Quincy Williams;NYJ;00-0035680
417;56141;Quindell Johnson;CHI;Quindell Johnson;CHI;00-0038368
681;47786;Quinnen Williams;NYJ;Quinnen Williams;NYJ;00-0035718
377;43436;Quinton Jefferson;NYJ;Quinton Jefferson;NYJ;00-0032416
785;55110;Qwuantrezz Knight;ARI;;;
485;55054;Raheem Layne;LAC;Raheem Layne;LAC;00-0037468
677;42560;Rakeem Nunez-Roches;NYG;Rakeem Nunez-Roches;NYG;00-0031957
474;42403;Randy Gregory;DEN;Randy Gregory;DEN;00-0032197
753;42403;Randy Gregory;SF;Randy Gregory;SF;00-0032197
628;46091;Rashaan Evans;DAL;Rashaan Evans;DAL;00-0034743
426;53564;Rashad Weaver;TEN;Rashad Weaver;TEN;00-0036938
629;47795;Rashan Gary;GB;Rashan Gary;GB;00-0034967
542;46148;Rasheem Green;CHI;Rasheem Green;CHI;00-0034831
221;44911;Rasul Douglas;GB;Rasul Douglas;GB;00-0033551
680;44911;Rasul Douglas;BUF;Rasul Douglas;BUF;00-0033551
102;44926;Rayshawn Jenkins;JAX;Rayshawn Jenkins;JAX;00-0033941
299;54808;Reed Blankenship;PHI;Reed Blankenship;PHI;00-0037130
31;53469;Richie Grant;ATL;Richie Grant;ATL;00-0036961
719;55948;Riley Moss;DEN;Riley Moss;DEN;00-0038552
327;54618;Riq Woolen;SEA;;;00-0037079
255;46902;Robert Spillane;LV;Robert Spillane;LV;00-0034720
71;47817;Rock Ya-Sin;BAL;Rock Ya-Sin;BAL;00-0035637
261;48581;Roderic Teamer;LV;Roderic Teamer;LV;00-0035437
77;38843;Rodney McLeod;CLE;Rodney McLeod;CLE;00-0028899
109;54704;Rodney Thomas;IND;Rodney Thomas;IND;00-0037323
160;54500;Roger McCreary;TEN;Roger McCreary;TEN;00-0038125
505;43775;Romeo Okwara;DET;Romeo Okwara;DET;00-0032655
59;42393;Ronald Darby;BAL;Ronald Darby;BAL;00-0032195
727;46162;Ronnie Harrison;IND;;;00-0034779
78;56405;Ronnie Hickman Jr.;CLE;;;00-0038715
570;53525;Ronnie Perkins;DEN;Ronnie Perkins;DEN;00-0036978
63;46077;Roquan Smith;BAL;Roquan Smith;BAL;00-0034874
640;43787;Roy Robertson-Harris;JAX;Roy Robertson-Harris;JAX;00-0032667
222;45021;Rudy Ford;GB;Rudy Ford;GB;00-0033792
318;54718;Russ Yeast;LA;Russ Yeast;LA;00-0037844
125;46711;Ryan Neal;TB;Ryan Neal;TB;00-0034527
436;44174;Sam Eguavoen;NYJ;Sam Eguavoen;NYJ;00-0034902
492;52939;Sam Franklin Jr.;CAR;;;00-0036037
398;46146;Sam Hubbard;CIN;Sam Hubbard;CIN;00-0034834
778;53910;Sam Kamara;CLE;Sam Kamara;CLE;00-0036705
556;55104;Sam Webb;CAR;;;00-0037516
725;54521;Sam Williams;DAL;Sam Williams;DAL;00-0037665
410;44938;Samson Ebukam;IND;Samson Ebukam;IND;00-0033945
191;54637;Samuel Womack;SF;Samuel Womack;SF;00-0037830
365;54469;Sauce Gardner;NYJ;;;00-0037190
814;46680;Sean Chandler;WAS;Sean Chandler;WAS;00-0034496
158;47822;Sean Murphy-Bunting;TEN;Sean Murphy-Bunting;TEN;00-0035239
486;46264;Sebastian Joseph-Day;LAC;;;00-0034810
521;55115;Segun Olubi;IND;Segun Olubi;IND;00-0037527
679;43308;Shaq Lawson;BUF;Shaq Lawson;BUF;00-0033096
37;42368;Shaq Thompson;CAR;Shaq Thompson;CAR;00-0031550
134;41915;Shaquil Barrett;TB;Shaquil Barrett;TB;00-0031101
61;44902;Shaquill Griffin;HOU;Shaquill Griffin;HOU;00-0033926
775;44902;Shaquill Griffin;CAR;Shaquill Griffin;CAR;00-0033926
110;46105;Shaquille Leonard;IND;Shaquille Leonard;IND;00-0034846
756;46105;Shaquille Leonard;PHI;Shaquille Leonard;PHI;00-0034846
510;52548;Shaquille Quarterman;JAX;;;00-0036235
442;53589;Shaun Wade;NE;Shaun Wade;NE;00-0036559
97;41464;Shelby Harris;CLE;Shelby Harris;CLE;00-0031270
760;43392;Sheldon Day;MIN;Sheldon Day;MIN;00-0033010
519;43301;Sheldon Rankins;HOU;Sheldon Rankins;HOU;00-0032759
689;53607;Shemar Jean-Charles;SF;Shemar Jean-Charles;SF;00-0036645
807;53607;Shemar Jean-Charles;NO;;;00-0036645
526;53049;Shyheim Carter;TEN;Shyheim Carter;TEN;00-0036147
771;55963;Siaki Ika;CLE;Siaki Ika;CLE;00-0038561
773;44855;Sidney Jones;CIN;Sidney Jones;CIN;00-0033543
87;47863;Sione Takitaki;CLE;Sione Takitaki;CLE;00-0035646
394;46223;Siran Neal;BUF;Siran Neal;BUF;00-0034391
711;56018;SirVocea Dennis;TB;SirVocea Dennis;TB;00-0039049
762;44815;Solomon Thomas;NYJ;Solomon Thomas;NYJ;00-0033870
593;56353;Starling Thomas V;ARI;;;00-0038663
341;38540;Stephon Gilmore;DAL;Stephon Gilmore;DAL;00-0029542
607;56345;Steven Gilmore;DET;;;
51;42441;Steven Nelson;HOU;Steven Nelson;HOU;00-0032150
382;55931;Sydney Brown;PHI;Sydney Brown;PHI;00-0039002
227;48516;T.J. Edwards;CHI;T.J. Edwards;CHI;00-0035386
187;44842;T.J. Watt;PIT;T.J. Watt;PIT;00-0033886
737;53577;Ta'Quon Graham;ATL;Ta'Quon Graham;ATL;00-0036948
386;46684;Tae Davis;ATL;;;
597;48495;Tae Hayes;NYJ;Tae Hayes;NYJ;00-0035365
173;53609;Talanoa Hufanga;SF;Talanoa Hufanga;SF;00-0036564
777;56407;Tanner McCalister;CLE;Tanner McCalister;CLE;00-0038717
749;44871;Tanoh Kpassagnon;NO;Tanoh Kpassagnon;NO;00-0033902
799;54686;Tariq Castro-Fields;WAS;Tariq Castro-Fields;WAS;00-0037833
373;46190;Taron Johnson;BUF;Taron Johnson;BUF;00-0034376
174;38868;Tashaun Gipson;SF;Tashaun Gipson;SF;00-0028924
739;46098;Taven Bryan;IND;Taven Bryan;IND;00-0034842
52;46672;Tavierre Thomas;HOU;Tavierre Thomas;HOU;00-0034488
401;55989;Tavius Robinson;BAL;Tavius Robinson;BAL;00-0038505
820;55109;Tayler Hawkins;SF;Tayler Hawkins;SF;00-0037521
395;47844;Taylor Rapp;BUF;Taylor Rapp;BUF;00-0035663
495;44865;Teez Tabor;SEA;;;00-0033545
418;56030;Terell Smith;CHI;Terell Smith;CHI;00-0038395
374;54554;Terrel Bernard;BUF;Terrel Bernard;BUF;00-0037254
708;52512;Terrell Burgess;WAS;Terrell Burgess;WAS;00-0036421
305;46097;Terrell Edmunds;PHI;Terrell Edmunds;PHI;00-0034858
642;46097;Terrell Edmunds;TEN;Terrell Edmunds;TEN;00-0034858
755;52792;Tershawn Wharton;KC;Tershawn Wharton;KC;00-0035890
638;44202;Tevaughn Campbell;JAX;;;00-0034903
380;54669;Theo Jackson;MIN;Theo Jackson;MIN;00-0037301
475;56510;Thomas Incoom;DEN;Thomas Incoom;DEN;00-0038791
700;46232;Tim Settle;BUF;Tim Settle;BUF;00-0034397
791;55032;Tomon Fox;NYG;;;00-0037447
366;54833;Tony Adams;NYJ;Tony Adams;NYJ;00-0037155
115;46724;Tony Brown;IND;Tony Brown;IND;00-0034540
514;53582;Tony Fields II;CLE;;;00-0036634
403;46151;Tracy Walker III;DET;Tracy Walker III;DET;00-0034745
455;54541;Travis Jones;BAL;Travis Jones;BAL;00-0037756
113;54466;Travon Walker;JAX;Travon Walker;JAX;00-0037235
424;55181;Tre Avery;TEN;Tre Avery;TEN;00-0037593
328;53566;Tre Brown;SEA;Tre Brown;SEA;00-0036885
32;46215;Tre Flowers;ATL;Tre Flowers;ATL;00-0034756
348;56074;Tre Hawkins III;NYG;;;00-0038403
103;46700;Tre Herndon;JAX;Tre Herndon;JAX;00-0034516
595;56047;Tre Tomlinson;LA;;;00-0039134
375;44839;Tre'Davious White;BUF;Tre'Davious White;BUF;00-0033884
256;53472;Tre'von Moehrig;LV;;;00-0036962
228;46085;Tremaine Edmunds;CHI;Tremaine Edmunds;CHI;00-0034673
803;46265;Tremon Smith;DEN;Tremon Smith;DEN;00-0034278
4;54486;Trent McDuffie;KC;Trent McDuffie;KC;00-0037191
518;55951;Trenton Simpson;BAL;Trenton Simpson;BAL;00-0038504
692;54962;Trenton Thompson;PIT;Trenton Thompson;PIT;00-0037377
694;52563;Trevis Gipson;TEN;Trevis Gipson;TEN;00-0036305
342;52459;Trevon Diggs;DAL;Trevon Diggs;DAL;00-0036361
93;44915;Trey Hendrickson;CIN;Trey Hendrickson;CIN;00-0033935
821;55047;Tristin McCollum;PHI;Tristin McCollum;PHI;00-0037461
33;54523;Troy Andersen;ATL;Troy Andersen;ATL;00-0037810
572;52540;Troy Dye;MIN;Troy Dye;MIN;00-0036338
41;42816;Troy Hill;CAR;Troy Hill;CAR;00-0031785
667;48780;Troy Reeder;LA;Troy Reeder;LA;00-0035617
285;55919;Tuli Tuipulotu;LAC;Tuli Tuipulotu;LAC;00-0039111
818;55060;Ty Shelby;LAC;Ty Shelby;LAC;00-0037474
575;52685;Tyler Hall;LV;Tyler Hall;LV;00-0035783
714;43535;Tyler Matakevich;BUF;Tyler Matakevich;BUF;00-0032366
150;40017;Tyrann Mathieu;NO;Tyrann Mathieu;NO;00-0030459
263;55871;Tyree Wilson;LV;Tyree Wilson;LV;00-0038541
786;55055;Tyreek Maddox-Williams;ARI;;;
396;48482;Tyrel Dodson;BUF;Tyrel Dodson;BUF;00-0035352
229;55921;Tyrique Stevenson;CHI;Tyrique Stevenson;CHI;00-0039071
601;56461;Tyrus Wheat;DAL;Tyrus Wheat;DAL;00-0038742
104;53462;Tyson Campbell;JAX;Tyson Campbell;JAX;00-0036974
334;46117;Uchenna Nwosu;SEA;Uchenna Nwosu;SEA;00-0034350
167;47915;Ugo Amadi;NO;;;00-0035142
213;53639;Victor Dimukeje;ARI;Victor Dimukeje;ARI;00-0036896
809;55124;Vincent Gray;CLE;Vincent Gray;CLE;00-0037536
143;46081;Vita Vea;TB;Vita Vea;TB;00-0034773
548;37075;Von Miller;BUF;Von Miller;BUF;00-0027940
38;43350;Vonn Bell;CAR;Vonn Bell;CAR;00-0032939
581;55867;Will Anderson Jr.;HOU;;;00-0039108
26;47864;Will Harris;DET;Will Harris;DET;00-0035655
726;55879;Will McDonald IV;NYJ;;;00-0039142
17;52471;Willie Gay Jr.;KC;;;00-0036362
277;43327;Xavien Howard;MIA;Xavien Howard;MIA;00-0033050
349;52444;Xavier McKinney;NYG;Xavier McKinney;NYG;00-0036388
39;45004;Xavier Woods;CAR;Xavier Woods;CAR;00-0033579
513;43358;Yannick Ngakoue;CHI;Yannick Ngakoue;CHI;00-0033123
468;56001;Yasir Abdullah;JAX;Yasir Abdullah;JAX;00-0038580
137;55947;Yaya Diaby;TB;;;00-0039068
444;52446;Yetur Gross-Matos;CAR;Yetur Gross-Matos;CAR;00-0036288
95;42465;Za'Darius Smith;CLE;Za'Darius Smith;CLE;00-0031576
651;55929;Zacch Pickens;CHI;Zacch Pickens;CHI;00-0038937
649;47848;Zach Allen;DEN;Zach Allen;DEN;00-0035248
300;44869;Zach Cunningham;PHI;Zach Cunningham;PHI;00-0033547
616;55940;Zach Harrison;ATL;Zach Harrison;ATL;00-0038980
321;55103;Zach VanValkenburg;LA;Zach VanValkenburg;LA;00-0037515
161;52482;Zack Baun;NO;Zack Baun;NO;00-0036418
111;46304;Zaire Franklin;IND;Zaire Franklin;IND;00-0034431
201;53445;Zaven Collins;ARI;Zaven Collins;ARI;00-0036933
415;54622;Zyon McCollum;TB;Zyon McCollum;TB;00-0037268